1000 YATIRIMLAR HOLDİNG A.Ş.,"['BINHO', '1000 YATIRIMLAR HOLDİNG', '1000 YATIRIMLAR', '1000 YATIRIM']"
A.V.O.D. KURUTULMUŞ GIDA VE TARIM ÜRÜNLERİ SANAYİ TİCARET A.Ş.,"['AVOD', 'A.V.O.D. KURUTULMUŞ GIDA VE TARIM ÜRÜNLERİ']"
A1 CAPITAL YATIRIM MENKUL DEĞERLER A.Ş.,"['A1CA', 'ACP', 'A1 CAPITAL']"
ACISELSAN ACIPAYAM SELÜLOZ SANAYİ VE TİCARET A.Ş.,"['ACSEL', 'ACISELSAN ACIPAYAM SELÜLOZ SANAYİ VE TİCARET', 'ACISELSAN']"
ADEL KALEMCİLİK TİCARET VE SANAYİ A.Ş.,"['ADEL', 'ADEL KALEMCİLİK TİCARET VE SANAYİ']"
ADESE GAYRİMENKUL YATIRIM A.Ş.,"['ADESE', 'ADESE GAYRİMENKUL']"
ADRA GAYRİMENKUL YATIRIM ORTAKLIĞI A.Ş.,"['ADGYO', 'ADRA GAYRİMENKUL']"
AFYON ÇİMENTO SANAYİ T.A.Ş.,"['AFYON', 'AFYON ÇİMENTO SANAYİ', 'AFYON ÇİMENTO']"
AG ANADOLU GRUBU HOLDİNG A.Ş.,"['AGHOL', 'AG ANADOLU GRUBU HOLDİNG', 'ANADOLU GRUBU']"
AGESA HAYAT VE EMEKLİLİK A.Ş.,"['AGESA', 'AGESA HAYAT VE EMEKLİLİK', 'AGESA EMEKLILIK']"
AGROTECH YÜKSEK TEKNOLOJİ VE YATIRIM A.Ş.,"['AGROT', 'AGROTECH YÜKSEK TEKNOLOJİ VE YATIRIM', 'AGROTECH']"
AHLATCI DOĞAL GAZ DAĞITIM ENERJİ VE YATIRIM A.Ş.,"['AHGAZ', 'AHLATCI DOĞAL GAZ DAĞITIM ENERJİ VE YATIRIM', 'AHLATCI', 'AHLATCI DOĞAL GAZ']"
AK FAKTORİNG A.Ş.,"['AKSFA', 'AK FAKTORİNG']"
AK FİNANSAL KİRALAMA A.Ş.,"['AKFK', 'AK FİNANSAL KİRALAMA', 'AKLEASE']"
AK YATIRIM MENKUL DEĞERLER  A.Ş.,"['AK', 'AKMEN', 'AK YATIRIM MENKUL DEĞERLER', 'AK YATIRIM']"
AKBANK T.A.Ş.,"['AKBNK', 'AKBANK']"
AKÇA KİMYEVİ MADDELER NAKLİYAT TİCARET VE SANAYİ A.Ş.,"['AKCKM', 'AKÇA KİMYEVİ MADDELER NAKLİYAT TİCARET VE SANAYİ', 'AKÇA KİMYA']"
AKÇANSA ÇİMENTO SANAYİ VE TİCARET A.Ş.,"['AKCNS', 'AKÇANSA ÇİMENTO SANAYİ VE TİCARET', 'AKÇANSA ÇİMENTO']"
AKDENİZ FAKTORİNG A.Ş.,"['AKDFA', 'AKDENİZ FAKTORİNG']"
AKDENİZ YATIRIM HOLDİNG A.Ş.,"['AKYHO', 'AKDENİZ YATIRIM HOLDİNG', 'AKDENİZ YATIRIM']"
AKENERJİ ELEKTRİK ÜRETİM A.Ş.,"['AKENR', 'AKENERJİ', 'AKENERJİ ELEKTRİK']"
AKFEN GAYRİMENKUL YATIRIM ORTAKLIĞI A.Ş.,"['AKFGY', 'AKFEN GAYRİMENKUL']"
AKFEN YENİLENEBİLİR ENERJİ A.Ş.,"['AKFYE', 'AKFEN YENİLENEBİLİR ENERJİ', 'AKFEN ENERJİ']"
AKIN TEKSTİL A.Ş.,"['ATEKS', 'AKIN TEKSTİL']"
AKİŞ GAYRİMENKUL YATIRIM ORTAKLIĞI A.Ş.,"['AKSGY', 'AKİŞ GAYRİMENKUL']"
AKMERKEZ GAYRİMENKUL YATIRIM ORTAKLIĞI A.Ş.,"['AKMGY', 'AKMERKEZ GAYRİMENKUL']"
AKSA AKRİLİK KİMYA SANAYİİ A.Ş.,"['AKSA', 'AKSA AKRİLİK KİMYA', 'AKSA AKRİLİK']"
AKSA ENERJİ ÜRETİM A.Ş.,"['AKSEN', 'AKSA ENERJİ ÜRETİM', 'AKSA ENERJİ']"
AKSİGORTA A.Ş.,"['AKGRT', 'AKSİGORTA']"
AKSU ENERJİ VE TİCARET A.Ş.,"['AKSUE', 'AKSU ENERJİ VE TİCARET', 'AKSU ENERJİ']"
AKTİF BANK SUKUK VARLIK KİRALAMA A.Ş.,"['AKTVK', 'AKTİF BANK SUKUK VARLIK KİRALAMA', 'AKTİF BANK SUKUK']"
AKTİF YATIRIM BANKASI A.Ş.,"['AF', 'AKTIF', 'AKTİF YATIRIM BANKASI', 'AKTİF BANK']"
ALARKO CARRIER SANAYİ VE TİCARET A.Ş.,"['ALCAR', 'ALARKO CARRIER SANAYİ VE TİCARET', 'ALARKO CARRIER']"
ALARKO GAYRİMENKUL YATIRIM ORTAKLIĞI A.Ş.,"['ALGYO', 'ALARKO GAYRİMENKUL']"
ALARKO HOLDİNG A.Ş.,"['ALARK', 'ALARKO HOLDİNG']"
ALBARAKA TÜRK KATILIM BANKASI A.Ş.,"['ALBR', 'ALK', 'ALBARAKA TÜRK KATILIM BANKASI', 'ALBARAKA', 'ALBARAKA TÜRK']"
ALCATEL LUCENT TELETAŞ TELEKOMÜNİKASYON A.Ş.,"['ALCTL', 'ALCATEL LUCENT TELETAŞ TELEKOMÜNİKASYON', 'ALCATEL']"
ALFA SOLAR ENERJİ SANAYİ VE TİCARET A.Ş.,"['ALFAS', 'ALFA SOLAR ENERJİ']"
ALJ FİNANSMAN A.Ş.,"['ALJF', 'ALJ FİNANSMAN', 'ALJ']"
ALKİM ALKALİ KİMYA A.Ş.,"['ALKIM', 'ALKİM ALKALİ KİMYA']"
ALKİM KAĞIT SANAYİ VE TİCARET A.Ş.,"['ALKA', 'ALKİM KAĞIT']"
ALNUS YATIRIM MENKUL DEĞERLER A.Ş.,"['ALNU', 'ANC', 'ALNUS YATIRIM']"
ALTERNATİF FİNANSAL KİRALAMA A.Ş.,"['ALFIN', 'ALTERNATİF FİNANSAL KİRALAMA', 'ALTERNATİF LEASE']"
ALTIN YUNUS ÇEŞME TURİSTİK TESİSLER A.Ş.,"['AYCES', 'ALTIN YUNUS']"
ALTINAY SAVUNMA TEKNOLOJİLERİ A.Ş.,"['ALTNY', 'ALTINAY SAVUNMA TEKNOLOJİLERİ', 'ALTINAY']"
ALTINKILIÇ GIDA VE SÜT SANAYİ TİCARET A.Ş.,"['ALKLC', 'ALTINKILIÇ']"
ALTINYAĞ MADENCİLİK VE ENERJİ YATIRIMLARI SANAYİ VE TİCARET A.Ş.,"['ALMAD', 'ALTINYAĞ MADENCİLİK']"
ALVES KABLO SANAYİ VE TİCARET A.Ş.,"['ALVES', 'ALVES KABLO']"
ANADOLU ANONİM TÜRK SİGORTA ŞİRKETİ,"['ANSGR', 'ANADOLU SİGORTA']"
ANADOLU EFES BİRACILIK VE MALT SANAYİİ A.Ş.,"['AEFES', 'ANADOLU EFES']"
ANADOLU HAYAT EMEKLİLİK A.Ş.,"['ANHYT', 'ANADOLU HAYAT EMEKLİLİK', 'ANADOLU HAYAT']"
ANADOLU ISUZU OTOMOTİV SANAYİ VE TİCARET A.Ş.,"['ASUZU', 'ANADOLU ISUZU', 'ISUZU']"
ANATOLİA TANI VE BİYOTEKNOLOJİ ÜRÜNLERİ ARAŞTIRMA GELİŞTİRME SANAYİ VE TİCARET A.Ş.,"['ANGEN', 'ANATOLIA GENEWORKS']"
ANEL ELEKTRİK PROJE TAAHHÜT VE TİCARET A.Ş.,"['ANELE', 'ANEL ELEKTRIK']"
ARÇELİK A.Ş.,"['ARCLK', 'ARÇELİK']"
ARD GRUP BİLİŞİM TEKNOLOJİLERİ A.Ş.,"['ARDYZ', 'ARD GRUP BİLİŞİM', 'ARD BİLİŞİM TEKNOLOJİLERİ']"
ARENA BİLGİSAYAR SANAYİ VE TİCARET A.Ş.,"['ARENA', 'ARENA BİLGİSAYAR SANAYİ VE TİCARET']"
ARENA FİNANS FAKTORİNG A.Ş.,"['ARNFK', 'ARENA FİNANS FAKTORİNG']"
ARSAN TEKSTİL TİCARET VE SANAYİ A.Ş.,"['ARSAN', 'ARSAN TEKSTİL']"
ARTEMİS HALI A.Ş.,"['ARTMS', 'ARTEMİS HALI', 'ARTEMİS']"
ARZUM ELEKTRİKLİ EV ALETLERİ SANAYİ VE TİCARET A.Ş.,"['ARZUM', 'ARZUM ELEKTRİKLİ EV ALETLERİ']"
ASCE GAYRİMENKUL YATIRIM ORTAKLIĞI A.Ş.,"['ASGYO', 'ASCE GAYRİMENKUL']"
ASELSAN ELEKTRONİK SANAYİ VE TİCARET A.Ş.,"['ASELS', 'ASELSAN ELEKTRONİK SANAYİ VE TİCARET', 'ASELSAN']"
ASTOR ENERJİ A.Ş.,"['ASTOR', 'ASTOR ENERJİ']"
ATA GAYRİMENKUL YATIRIM ORTAKLIĞI A.Ş.,"['ATAGY', 'ATA GAYRİMENKUL']"
ATA YATIRIM MENKUL KIYMETLER A.Ş.,"['AT', 'ATAYM', 'ATA YATIRIM']"
ATAKEY PATATES GIDA SANAYİ VE TİCARET A.Ş.,"['ATAKP', 'ATAKEY PATATES']"
ATAKULE GAYRİMENKUL YATIRIM ORTAKLIĞI A.Ş.,"['AGYO', 'ATAKULE GAYRİMENKUL']"
ATILIM FAKTORİNG A.Ş.,"['ATLFA', 'ATILIM FAKTORİNG']"
ATLANTİS YATIRIM HOLDİNG A.Ş.,"['ATSYH', 'ATLANTİS YATIRIM HOLDİNG']"
ATLAS MENKUL KIYMETLER YATIRIM ORTAKLIĞI A.Ş.,"['ATLAS', 'ATLAS MENKUL KIYMETLER']"
ATP YAZILIM VE TEKNOLOJİ A.Ş.,"['ATATP', 'ATP YAZILIM VE TEKNOLOJİ', 'ATP']"
AVRASYA GAYRİMENKUL YATIRIM ORTAKLIĞI A.Ş.,"['AVGYO', 'AVRASYA GAYRİMENKUL']"
AVRASYA PETROL VE TURİSTİK TESİSLER YATIRIMLAR A.Ş.,"['AVTUR', 'AVRASYA PETROL VE TURİSTİK TESİSLER']"
AVRUPA YATIRIM HOLDİNG A.Ş.,"['AVHOL', 'AVRUPA YATIRIM HOLDİNG']"
AVRUPAKENT GAYRİMENKUL YATIRIM ORTAKLIĞI A.Ş.,"['AVPGY', 'AVRUPAKENT GAYRİMENKUL']"
AYDEM YENİLENEBİLİR ENERJİ A.Ş.,"['AYDEM', 'AYDEM YENİLENEBİLİR ENERJİ']"
AYEN ENERJİ A.Ş.,"['AYEN', 'AYEN ENERJİ']"
AYES ÇELİK HASIR VE ÇİT SANAYİ A.Ş.,"['AYES', 'AYES ÇELİK HASIR VE ÇİT SANAYİ']"
AYGAZ A.Ş.,"['AYGAZ']"
AZTEK TEKNOLOJİ ÜRÜNLERİ TİCARET A.Ş.,"['AZTEK', 'AZTEK TEKNOLOJİ']"
BAGFAŞ BANDIRMA GÜBRE FABRİKALARI A.Ş.,"['BAGFS', 'BAGFAŞ BANDIRMA GÜBRE FABRİKALARI', 'BAGFAŞ']"
BAK AMBALAJ SANAYİ VE TİCARET A.Ş.,"['BAKAB', 'BAK AMBALAJ']"
BALATACILAR BALATACILIK SANAYİ VE TİCARET A.Ş.,"['BALAT', 'BALATCILAR']"
BANTAŞ BANDIRMA AMBALAJ SANAYİ TİCARET A.Ş.,"['BNTAS', 'BANTAŞ BANDIRMA AMBALAJ']"
BANVİT BANDIRMA VİTAMİNLİ YEM SANAYİİ A.Ş.,"['BANVT', 'BANVİT BANDIRMA']"
BAREM AMBALAJ SANAYİ VE TİCARET A.Ş.,"['BARMA', 'BAREM AMBALAJ']"
BAŞKENT DOĞALGAZ DAĞITIM GAYRİMENKUL YATIRIM ORTAKLIĞI A.Ş.,"['BASGZ', 'BAŞKENT DOĞALGAZ DAĞITIM']"
BAŞTAŞ BAŞKENT ÇİMENTO SANAYİ VE TİCARET A.Ş.,"['BASCM', 'BAŞTAŞ BAŞKENT ÇİMENTO']"
BATI EGE GAYRİMENKUL YATIRIM ORTAKLIĞI A.Ş.,"['BEGYO', 'BATI EGE GAYRİMENKUL']"
BATIÇİM BATI ANADOLU ÇİMENTO SANAYİİ A.Ş.,"['BTCIM', 'BATIÇİM BATI ANADOLU ÇİMENTO']"
BATISÖKE SÖKE ÇİMENTO SANAYİİ T.A.Ş.,"['BSOKE', 'BATISÖKE SÖKE ÇİMENTO']"
BAYDÖNER RESTORANLARI A.Ş.,"['BYDNR', 'BAYDÖNER']"
BAYRAK EBT TABAN SANAYİ VE TİCARET A.Ş.,"['BAYRK', 'BAYRAK EBT TABAN']"
BERA HOLDİNG A.Ş.,"['BERA', 'BERA HOLDİNG']"
BEREKET VARLIK KİRALAMA A.Ş.,"['BRKT', 'BEREKET VARLIK KİRALAMA']"
BERKOSAN YALITIM VE TECRİT MADDELERİ ÜRETİM VE TİCARET A.Ş.,"['BRKSN', 'BERKOSAN YALITIM VE TECRİT MADDELERİ']"
BEŞİKTAŞ FUTBOL YATIRIMLARI SANAYİ VE TİCARET A.Ş.,"['BJKAS', 'BEŞİKTAŞ', 'BJK']"
BEYAZ FİLO OTO KİRALAMA A.Ş.,"['BEYAZ', 'BEYAZ FİLO OTO KİRALAMA']"
BİEN FİNANS FAKTORİNG A.Ş.,"['BIENF', 'BİEN FİNANS']"
BİEN YAPI ÜRÜNLERİ SANAYİ TURİZM VE TİCARET A.Ş.,"['BIENY', 'BİEN YAPI', 'BİEN SERAMİK']"
BİLİCİ YATIRIM SANAYİ VE TİCARET A.Ş.,"['BLCYT', 'BİLİCİ YATIRIM']"
BİLKOM BİLİŞİM HİZMETLERİ A.Ş.,"['BLKOM', 'BİLKOM BİLİŞİM HİZMETLERİ']"
BİM BİRLEŞİK MAĞAZALAR A.Ş.,"['BIMAS', 'BİM']"
BİOTREND ÇEVRE VE ENERJİ YATIRIMLARI A.Ş.,"['BIOEN', 'BİOTREND ENERJİ']"
BİRİKİM VARLIK YÖNETİM A.Ş.,"['BRKVY', 'BİRİKİM VARLIK YÖNETİM']"
BİRKO BİRLEŞİK KOYUNLULULAR MENSUCAT TİCARET VE SANAYİ A.Ş.,"['BRKO', 'BİRKO BİRLEŞİK KOYUNLULULAR']"
BİRLEŞİM MÜHENDİSLİK ISITMA SOĞUTMA HAVALANDIRMA SANAYİ VE TİCARET A.Ş.,"['BRLSM', 'BİRLEŞİM MÜHENDİSLİK']"
BİRLİK MENSUCAT TİCARET VE SANAYİ İŞLETMESİ A.Ş.,"['BRMEN', 'BİRLİK MENSUCAT']"
BİZİM TOPTAN SATIŞ MAĞAZALARI A.Ş.,"['BIZIM', 'BİZİM TOPTAN']"
BMS BİRLEŞİK METAL SANAYİ VE TİCARET A.Ş.,"['BMSTL', 'BMS BİRLEŞİK METAL']"
BMS ÇELİK HASIR SANAYİ VE TİCARET A.Ş.,"['BMSCH', 'BMS ÇELİK HASIR']"
BNP PARIBAS ISSUANCE B.V.,"['BNPPI', 'BNP PARIBAS ISSUANCE']"
BNP PARİBAS FİNANSAL KİRALAMA A.Ş.,"['BNPFK', 'BNP PARİBAS FİNANSAL KİRALAMA']"
BOĞAZİÇİ BETON SANAYİ VE TİCARET A.Ş.,"['BOBET', 'BOĞAZİÇİ BETON']"
BOR ŞEKER A.Ş.,"['BORSK', 'BOR ŞEKER']"
BORLEASE OTOMOTİV A.Ş.,"['BORLS', 'BORLEASE OTOMOTİV', 'BORLEASE']"
BORUSAN BİRLEŞİK BORU FABRİKALARI SANAYİ VE TİCARET A.Ş.,"['BRSAN', 'BORUSAN BİRLEŞİK BORU FABRİKALARI']"
BORUSAN YATIRIM VE PAZARLAMA A.Ş.,"['BRYAT', 'BORUSAN YATIRIM']"
BOSCH FREN SİSTEMLERİ SANAYİ VE TİCARET A.Ş.,"['BFREN', 'BOSCH FREN SİSTEMLERİ']"
BOSSA TİCARET VE SANAYİ İŞLETMELERİ T.A.Ş.,"['BOSSA']"
BRİSA BRIDGESTONE SABANCI LASTİK SANAYİ VE TİCARET A.Ş.,"['BRISA', 'BRİSA BRIDGESTONE']"
BURÇELİK BURSA ÇELİK DÖKÜM SANAYİİ A.Ş.,"['BURCE', 'BURÇELİK BURSA ÇELİK DÖKÜM']"
BURÇELİK VANA SANAYİ VE TİCARET A.Ş.,"['BURVA', 'BURÇELİK VANA']"
BURSA ÇİMENTO FABRİKASI A.Ş.,"['BUCIM', 'BURSA ÇİMENTO FABRİKASI', 'BURSA ÇİMENTO']"
BÜLBÜLOĞLU VİNÇ SANAYİ VE TİCARET A.Ş.,"['BVSAN', 'BÜLBÜLOĞLU VİNÇ']"
BÜYÜK ŞEFLER GIDA TURİZM TEKSTİL DANIŞMANLIK ORGANİZASYON EĞİTİM SANAYİ VE TİCARET A.Ş.,"['BIGCH', 'BÜYÜK ŞEFLER', 'BIG CHEFS', 'BIGCHEFS', 'BIGCHEF']"
CARREFOURSA CARREFOUR SABANCI TİCARET MERKEZİ A.Ş.,"['CRFSA', 'CARREFOURSA', 'CARREFOUR']"
CASA EMTİA PETROL KİMYEVİ VE TÜREVLERİ SANAYİ TİCARET A.Ş.,"['CASA', 'CASA EMTİA']"
CEO EVENT MEDYA A.Ş.,"['CEOEM', 'CEO EVENT MEDYA']"
COCA-COLA İÇECEK A.Ş.,"['CCOLA', 'COCA-COLA İÇECEK', 'COCACOLA','KOLA', 'COCA COLA']"
CONSUS ENERJİ İŞLETMECİLİĞİ VE HİZMETLERİ A.Ş.,"['CONSE', 'CONSUS ENERJİ']"
COSMOS YATIRIM HOLDİNG A.Ş.,"['COSMO', 'COSMOS YATIRIM HOLDİNG']"
CREDITWEST FAKTORİNG A.Ş.,"['CRDFA', 'CREDITWEST FAKTORİNG']"
CVK MADEN İŞLETMELERİ SANAYİ VE TİCARET A.Ş.,"['CVKMD', 'CVK MADEN']"
CW ENERJİ MÜHENDİSLİK TİCARET VE SANAYİ A.Ş.,"['CWENE', 'CW ENERJİ']"
ÇAĞDAŞ FAKTORİNG A.Ş.,"['CAGFA', 'ÇAĞDAŞ FAKTORİNG']"
ÇALIK DENİM TEKSTİL SANAYİ VE TİCARET A.Ş.,"['CLDNM', 'ÇALIK DENİM']"
ÇAN2 TERMİK A.Ş.,"['CANTE', 'ÇAN2 TERMİK']"
ÇATES ELEKTRİK ÜRETİM A.Ş.,"['CATES', 'ÇATES ELEKTRİK ÜRETİM', 'ÇATALAĞZI TERMİK SANTRAL']"
ÇELEBİ HAVA SERVİSİ A.Ş.,"['CLEBI', 'ÇELEBİ']"
ÇELİK HALAT VE TEL SANAYİİ A.Ş.,"['CELHA', 'ÇELİK HALAT VE TEL']"
ÇELİK MOTOR TİCARET A.Ş.,"['CLKMT', 'ÇELİK MOTOR']"
ÇEMAŞ DÖKÜM SANAYİ A.Ş.,"['CEMAS', 'ÇEMAŞ DÖKÜM SANAYİ']"
ÇEMTAŞ ÇELİK MAKİNA SANAYİ VE TİCARET A.Ş.,"['CEMTS', 'ÇEMTAŞ ÇELİK MAKİNA']"
ÇİMBETON HAZIRBETON VE PREFABRİK YAPI ELEMANLARI SANAYİ VE TİCARET A.Ş.,"['CMBTN', 'ÇİMBETON']"
ÇİMENTAŞ İZMİR ÇİMENTO FABRİKASI T.A.Ş.,"['CMENT', 'ÇİMENTAŞ İZMİR ÇİMENTO FABRİKASI', 'ÇİMENTAŞ']"
ÇİMSA ÇİMENTO SANAYİ VE TİCARET A.Ş.,"['CIMSA', 'ÇİMSA ÇİMENTO', 'ÇİMSA']"
ÇUHADAROĞLU METAL SANAYİ VE PAZARLAMA A.Ş.,"['CUSAN', 'ÇUHADAROĞLU METAL']"
D YATIRIM BANKASI A.Ş.,"['DYBNK', 'D YATIRIM BANKASI', 'DOĞAN YATIRIM BANKASI', 'DY BANK']"
DAGİ GİYİM SANAYİ VE TİCARET A.Ş.,"['DAGI', 'DAGİ GİYİM']"
DAGİ YATIRIM HOLDİNG A.Ş.,"['DAGHL', 'DAGİ YATIRIM HOLDİNG']"
DAP GAYRİMENKUL GELİŞTİRME A.Ş.,"['DAPGM', 'DAP GAYRİMENKUL']"
DARDANEL ÖNENTAŞ GIDA SANAYİ A.Ş.,"['DARDL', 'DARDANEL']"
DATAGATE BİLGİSAYAR MALZEMELERİ TİCARET A.Ş.,"['DGATE', 'DATAGATE']"
DEĞER VARLIK KİRALAMA A.Ş.,"['DGRVK', 'DEĞER VARLIK KİRALAMA']"
DEMİSAŞ DÖKÜM EMAYE MAMÜLLERİ SANAYİ A.Ş.,"['DMSAS', 'DEMİSAŞ DÖKÜM']"
DENGE YATIRIM HOLDİNG A.Ş.,"['DENGE', 'DENGE YATIRIM HOLDİNG']"
DENİZ FAKTORİNG A.Ş.,"['DENFA', 'DENİZ FAKTORİNG']"
DENİZ FİNANSAL KİRALAMA A.Ş.,"['DNFIN', 'DENİZ FİNANSAL KİRALAMA']"
DENİZ GAYRİMENKUL YATIRIM ORTAKLIĞI A.Ş.,"['DZGYO', 'DENİZ GAYRİMENKUL']"
DENİZ YATIRIM MENKUL KIYMETLER A.Ş.,"['DZ', 'DZYMK', 'DENİZ YATIRIM']"
DENİZBANK A.Ş.,"['DENI', 'DNZ', 'DENİZBANK']"
DERİMOD KONFEKSİYON AYAKKABI DERİ SANAYİ VE TİCARET A.Ş.,"['DERIM', 'DERİMOD']"
DERLÜKS YATIRIM HOLDİNG A.Ş.,"['DERHL', 'DERLÜKS YATIRIM HOLDİNG']"
DESA DERİ SANAYİ VE TİCARET A.Ş.,"['DESA', 'DESA DERİ']"
DESPEC BİLGİSAYAR PAZARLAMA VE TİCARET A.Ş.,"['DESPC', 'DESPEC']"
DEVA HOLDİNG A.Ş.,"['DEVA', 'DEVA HOLDİNG']"
DİNAMİK ISI MAKİNA YALITIM MALZEMELERİ SANAYİ VE TİCARET A.Ş.,"['DNISI', 'DİNAMİK ISI']"
DİRİTEKS DİRİLİŞ TEKSTİL SANAYİ VE TİCARET A.Ş.,"['DIRIT', 'DİRİTEKS DİRİLİŞ TEKSTİL', 'DİRİTEKS']"
DİTAŞ DOĞAN YEDEK PARÇA İMALAT VE TEKNİK A.Ş.,"['DITAS', 'DİTAŞ DOĞAN YEDEK PARÇA', 'DİTAŞ']"
DMR UNLU MAMULLER ÜRETİM GIDA TOPTAN PERAKENDE İHRACAT A.Ş.,"['DMRGD', 'DMR UNLU MAMULLER', 'DMR']"
DO & CO AKTIENGESELLSCHAFT,"['DOCO', 'DO & CO']"
DOFER YAPI MALZEMELERİ SANAYİ VE TİCARET A.Ş.,"['DOFER', 'DOFER YAPI MALZEMELERİ']"
DOĞAN BURDA DERGİ YAYINCILIK VE PAZARLAMA A.Ş.,"['DOBUR', 'DOĞAN BURDA DERGİ']"
DOĞAN ŞİRKETLER GRUBU HOLDİNG A.Ş.,"['DOHOL', 'DOĞAN HOLDİNG']"
DOĞAN TREND OTOMOTİV TİCARET HİZMET VE TEKNOLOJİ A.Ş.,"['DTRND', 'DOĞAN TREND OTOMOTİV']"
DOĞANLAR MOBİLYA GRUBU İMALAT SANAYİ VE TİCARET A.Ş.,"['DGNMO', 'DOĞANLAR MOBİLYA']"
DOĞU ARAS ENERJİ YATIRIMLARI A.Ş.,"['ARASE', 'DOĞU ARAS ENERJİ']"
DOĞUSAN BORU SANAYİİ VE TİCARET A.Ş.,"['DOGUB', 'DOĞUSAN BORU']"
DOĞUŞ GAYRİMENKUL YATIRIM ORTAKLIĞI A.Ş.,"['DGGYO', 'DOĞUŞ GAYRİMENKUL']"
DOĞUŞ OTOMOTİV SERVİS VE TİCARET A.Ş.,"['DOAS', 'DOĞUŞ OTOMOTİV']"
DORUK FAKTORİNG A.Ş.,"['DFKTR', 'DORUK FAKTORİNG']"
DÖKTAŞ DÖKÜMCÜLÜK TİCARET VE SANAYİ A.Ş.,"['DOKTA', 'DÖKTAŞ DÖKÜMCÜLÜK', 'DÖKTAŞ']"
DURAN DOĞAN BASIM VE AMBALAJ SANAYİ A.Ş.,"['DURDO', 'DURAN DOĞAN BASIM']"
DÜNYA VARLIK YÖNETİM A.Ş.,"['DNYVA', 'DÜNYA VARLIK YÖNETİM']"
DYO BOYA FABRİKALARI SANAYİ VE TİCARET A.Ş.,"['DYOBY', 'DYO BOYA', 'DYO']"
E-DATA TEKNOLOJİ PAZARLAMA A.Ş.,"['EDATA', 'E-DATA TEKNOLOJİ']"
EBEBEK MAĞAZACILIK A.Ş.,"['EBEBK', 'EBEBEK']"
ECZACIBAŞI YATIRIM HOLDİNG ORTAKLIĞI A.Ş.,"['ECZYT', 'ECZACIBAŞI YATIRIM HOLDİNG']"
EDİP GAYRİMENKUL YATIRIM SANAYİ VE TİCARET A.Ş.,"['EDIP', 'EDİP GAYRİMENKUL']"
EGE ENDÜSTRİ VE TİCARET A.Ş.,"['EGEEN', 'EGE ENDÜSTRİ']"
EGE GÜBRE SANAYİİ A.Ş.,"['EGGUB', 'EGE GÜBRE']"
EGE PROFİL TİCARET VE SANAYİ A.Ş.,"['EGPRO', 'EGE PROFİL']"
EGE SERAMİK SANAYİ VE TİCARET A.Ş.,"['EGSER', 'EGE SERAMİK']"
EGEPLAST EGE PLASTİK TİCARET VE SANAYİ A.Ş.,"['EPLAS', 'EGEPLAST']"
EİS ECZACIBAŞI İLAÇ SINAİ VE FİNANSAL YATIRIMLAR SANAYİ VE TİCARET A.Ş.,"['ECILC', 'ECZACIBAŞI İLAÇ SINAİ VE FİNANSAL YATIRIMLAR']"
EKER SÜT ÜRÜNLERİ GIDA SANAYİ VE TİCARET A.Ş.,"['EKER', 'EKER SÜT']"
EKİZ KİMYA SANAYİ VE TİCARET A.Ş.,"['EKIZ', 'EKİZ KİMYA']"
EKO FAKTORİNG A.Ş.,"['EKOFA', 'EKO FAKTORİNG']"
EKOS TEKNOLOJİ VE ELEKTRİK A.Ş.,"['EKOS', 'EKOS TEKNOLOJİ']"
EKOVAR ÇEVRE GRUP GERİ DÖNÜŞÜM ATIK DEPOLAMA İNŞAAT TAAHHÜT SANAYİ VE TİCARET A.Ş.,"['EKOVR', 'EKOVAR']"
EKSUN GIDA TARIM SANAYİ VE TİCARET A.Ş.,"['EKSUN', 'EKSUN GIDA']"
ELİTE NATUREL ORGANİK GIDA SANAYİ VE TİCARET A.Ş.,"['ELITE', 'ELİTE NATUREL']"
EMEK ELEKTRİK ENDÜSTRİSİ A.Ş.,"['EMKEL', 'EMEK ELEKTRİK']"
EMİNİŞ AMBALAJ SANAYİ VE TİCARET A.Ş.,"['EMNIS', 'EMİNİŞ AMBALAJ']"
EMİR VARLIK YÖNETİM A.Ş.,"['EMIRV', 'EMİR VARLIK YÖNETİM']"
EMLAK KATILIM VARLIK KİRALAMA A.Ş.,"['EKTVK', 'EMLAK KATILIM']"
EMLAK KONUT GAYRİMENKUL YATIRIM ORTAKLIĞI A.Ş.,"['EKGYO', 'EMLAK KONUT']"
EMLAK VARLIK KİRALAMA A.Ş.,"['EMVAR', 'EMLAK VARLIK KİRALAMA']"
ENERJİSA ENERJİ A.Ş.,"['ENJSA', 'ENERJİSA']"
ENERYA ENERJİ A.Ş.,"['ENERY', 'ENERYA']"
ENKA İNŞAAT VE SANAYİ A.Ş.,"['ENKAI', 'ENKA İNŞAAT VE SANAYİ', 'ENKA']"
ENSARİ DERİ GIDA SANAYİ VE TİCARET A.Ş.,"['ENSRI', 'ENSARİ DERİ']"
ERBOSAN ERCİYAS BORU SANAYİİ VE TİCARET A.Ş.,"['ERBOS', 'ERBOSAN ERCİYAS BORU']"
ERCİYAS ÇELİK BORU SANAYİ A.Ş.,"['ERCB', 'ERCİYAS ÇELİK BORU']"
EREĞLİ DEMİR VE ÇELİK FABRİKALARI T.A.Ş.,"['EREGL', 'EREĞLİ DEMİR ÇELİK', 'EREĞLİ']"
EREĞLİ TEKSTİL TURİZM SANAYİ VE TİCARET A.Ş.,"['ERGLI', 'EREĞLİ TEKSTİL']"
ERSAN ALIŞVERİŞ HİZMETLERİ VE GIDA SANAYİ TİCARET A.Ş.,"['KIMMR', 'ERSAN ALIŞVERİŞ HİZMETLERİ', 'KİM MARKET']"
ERSU MEYVE VE GIDA SANAYİ A.Ş.,"['ERSU', 'ERSU MEYVE SULARI']"
ESCAR FİLO KİRALAMA HİZMETLERİ A.Ş.,"['ESCAR', 'ESCAR FİLO KİRALAMA']"
ESCORT TEKNOLOJİ YATIRIM A.Ş.,"['ESCOM', 'ESCORT TEKNOLOJİ']"
ESENBOĞA ELEKTRİK ÜRETİM A.Ş.,"['ESEN', 'ESENBOĞA ELEKTRİK']"
ETİLER GIDA VE TİCARİ YATIRIMLAR SANAYİ VE TİCARET A.Ş.,"['ETILR', 'ETİLER GIDA']"
EURO KAPİTAL YATIRIM ORTAKLIĞI A.Ş.,"['EUKYO', 'EURO KAPİTAL']"
EURO MENKUL KIYMET YATIRIM ORTAKLIĞI A.Ş.,"['EUYO', 'EURO MENKUL KIYMET']"
EURO TREND YATIRIM ORTAKLIĞI A.Ş.,"['ETYAT', 'EURO TREND']"
EURO YATIRIM HOLDİNG A.Ş.,"['EUHOL', 'EURO YATIRIM HOLDİNG']"
EUROPAP TEZOL KAĞIT SANAYİ VE TİCARET A.Ş.,"['TEZOL', 'EUROPAP TEZOL']"
EUROPEN ENDÜSTRİ İNŞAAT SANAYİ VE TİCARET A.Ş.,"['EUREN', 'EUROPEN']"
EUROPOWER ENERJİ VE OTOMASYON TEKNOLOJİLERİ SANAYİ TİCARET A.Ş.,"['EUPWR', 'EUROPOWER']"
EYG GAYRİMENKUL YATIRIM ORTAKLIĞI A.Ş.,"['EYGYO', 'EYG GAYRİMENKUL']"
FADE GIDA YATIRIM SANAYİ TİCARET A.Ş.,"['FADE', 'FADE GIDA']"
FASDAT GIDA DAĞITIM SANAYİ VE TİCARET A.Ş.,"['FSDAT', 'FASDAT GIDA']"
FEDERAL-MOGUL İZMİT PİSTON VE PİM ÜRETİM TESİSLERİ A.Ş.,"['FMIZP', 'FEDERAL MOGUL']"
FENERBAHÇE FUTBOL A.Ş.,"['FENER', 'FENERBAHÇE FUTBOL', 'FENERBAHÇE','FB']"
FİBA FAKTORİNG A.Ş.,"['FIBAF', 'FİBA FAKTORİNG']"
FİBABANKA A.Ş.,"['FB', 'FBBNK', 'FİBABANKA']"
FLAP KONGRE TOPLANTI HİZMETLERİ OTOMOTİV VE TURİZM A.Ş.,"['FLAP', 'FLAP KONGRE TOPLANTI HİZMETLERİ']"
FONET BİLGİ TEKNOLOJİLERİ A.Ş.,"['FONET', 'FONET BİLGİ TEKNOLOJİLERİ']"
FORD OTOMOTİV SANAYİ A.Ş.,"['FROTO', 'FORD']"
FORMET METAL VE CAM SANAYİ A.Ş.,"['FORMT', 'FORMET ÇELİK KAPI', 'FORMET']"
FORTE BİLGİ İLETİŞİM TEKNOLOJİLERİ VE SAVUNMA SANAYİ A.Ş.,"['FORTE', 'FORTE BİLGİ İLETİŞİM TEKNOLOJİLERİ VE SAVUNMA SANAYİ']"
FRİGO-PAK GIDA MADDELERİ SANAYİ VE TİCARET A.Ş.,"['FRIGO', 'FRİGO-PAK GIDA']"
FUZUL GAYRİMENKUL YATIRIM ORTAKLIĞI A.Ş.,"['FZLGY', 'FUZUL GAYRİMENKUL']"
GALATA WIND ENERJİ A.Ş.,"['GWIND', 'GALATA WIND ENERJİ']"
GALATASARAY SPORTİF SINAİ VE TİCARİ YATIRIMLAR A.Ş.,"['GSRAY', 'GALATASARAY SPORTİF SINAİ VE TİCARİ YATIRIMLAR','GS','CİMBOM','GALATASARAY']"
GAP İNŞAAT YATIRIM VE DIŞ TİCARET A.Ş.,"['GAPIN', 'GAP İNŞAAT']"
GARANTİ FAKTORİNG A.Ş.,"['GARFA', 'GARANTİ FAKTORİNG']"
GARANTİ FİLO YÖNETİM HİZMETLERİ A.Ş.,"['GARFL', 'GARANTİ FİLO YÖNETİM']"
GARANTİ YATIRIM ORTAKLIĞI A.Ş.,"['GRNYO', 'GARANTİ YATIRIM ORTAKLIĞI']"
GEDİK YATIRIM MENKUL DEĞERLER A.Ş.,"['GEDIK', 'GEDİK YATIRIM MENKUL DEĞERLER']"
GEDİZ AMBALAJ SANAYİ VE TİCARET A.Ş.,"['GEDZA', 'GEDİZ AMBALAJ']"
GELECEK VARLIK YÖNETİMİ A.Ş.,"['GLCVY', 'GELECEK VARLIK YÖNETİMİ']"
GEN İLAÇ VE SAĞLIK ÜRÜNLERİ SANAYİ VE TİCARET A.Ş.,"['GENIL', 'GEN İLAÇ']"
GENTAŞ DEKORATİF YÜZEYLER SANAYİ VE TİCARET A.Ş.,"['GENTS', 'GENTAŞ']"
GERSAN ELEKTRİK TİCARET VE SANAYİ A.Ş.,"['GEREL', 'GERSAN ELEKTRİK']"
GEZİNOMİ SEYAHAT TURİZM TİCARET A.Ş.,"['GZNMI', 'GEZİNOMİ SEYAHAT']"
GIPTA OFİS KIRTASİYE VE PROMOSYON ÜRÜNLERİ İMALAT SANAYİ A.Ş.,"['GIPTA', 'GIPTA OFİS KIRTASİYE']"
GİMAT MAĞAZACILIK SANAYİ VE TİCARET A.Ş.,"['GMTAS', 'GİMAT MAĞAZACILIK']"
GİRİŞİM ELEKTRİK SANAYİ TAAHHÜT VE TİCARET A.Ş.,"['GESAN', 'GİRİŞİM ELEKTRİK']"
GLOBAL MENKUL DEĞERLER A.Ş.,"['GL', 'GLBMD', 'GLOBAL MENKUL DEĞERLER']"
GLOBAL YATIRIM HOLDİNG A.Ş.,"['GLYHO', 'GLOBAL YATIRIM HOLDİNG']"
GOLDEN GLOBAL VARLIK KİRALAMA A.Ş.,"['GGBVK', 'GOLDEN GLOBAL VARLIK KİRALAMA']"
GOLDMAN SACHS INTERNATIONAL,"['GSIPD', 'GOLDMAN SACHS']"
GOODYEAR LASTİKLERİ T.A.Ş.,"['GOODY', 'GOODYEAR']"
GÖKNUR GIDA MADDELERİ ENERJİ İMALAT İTHALAT İHRACAT TİCARET VE SANAYİ A.Ş.,"['GOKNR', 'GÖKNUR GIDA']"
GÖLTAŞ GÖLLER BÖLGESİ ÇİMENTO SANAYİ VE TİCARET A.Ş.,"['GOLTS', 'GÖLTAŞ ÇİMENTO']"
GÖZDE GİRİŞİM SERMAYESİ YATIRIM ORTAKLIĞI A.Ş.,"['GOZDE', 'GÖZDE GİRİŞİM']"
GRAINTURK TARIM A.Ş.,"['GRTRK', 'GRAINTURK TARIM']"
GSD DENİZCİLİK GAYRİMENKUL İNŞAAT SANAYİ VE TİCARET A.Ş.,"['GSDDE', 'GSD DENİZCİLİK']"
GSD HOLDİNG A.Ş.,"['GSDHO', 'GSD HOLDİNG']"
GÜBRE FABRİKALARI T.A.Ş.,"['GUBRF', 'GÜBRE FABRİKALARI']"
GÜLER YATIRIM HOLDİNG A.Ş.,"['GLRYH', 'GÜLER YATIRIM HOLDİNG']"
GÜR-SEL TURİZM TAŞIMACILIK VE SERVİS TİCARET A.Ş.,"['GRSEL', 'GÜR-SEL TURİZM']"
HACI ÖMER SABANCI HOLDİNG A.Ş.,"['SAHOL', 'SABANCI HOLDİNG']"
HALK FİNANSAL KİRALAMA A.Ş.,"['HALKF', 'HALK FİNANSAL KİRALAMA']"
HALK GAYRİMENKUL YATIRIM ORTAKLIĞI A.Ş.,"['HLGYO', 'HALK GAYRİMENKUL']"
HALK VARLIK KİRALAMA A.Ş.,"['HLVKS', 'HALK VARLIK KİRALAMA']"
HALK YATIRIM MENKUL DEĞERLER A.Ş.,"['HALK', 'HLY', 'HALK YATIRIM MENKUL DEĞERLER']"
HAREKET PROJE TAŞIMACILIĞI VE YÜK MÜHENDİSLİĞİ A.Ş.,"['HRKET', 'HAREKET PROJE TAŞIMACILIĞI']"
HAT-SAN GEMİ İNŞAA BAKIM ONARIM DENİZ NAKLİYAT SANAYİ VE TİCARET A.Ş.,"['HATSN', 'HAT-SAN GEMİ']"
HATEKS HATAY TEKSTİL İŞLETMELERİ A.Ş.,"['HATEK', 'HATEKS HATAY TEKSTİL']"
HEDEF ARAÇ KİRALAMA VE SERVİS A.Ş.,"['HDFFL', 'HEDEF ARAÇ KİRALAMA']"
HEDEF GİRİŞİM SERMAYESİ YATIRIM ORTAKLIĞI A.Ş.,"['HDFGS', 'HEDEF GİRİŞİM']"
HEDEF HOLDİNG A.Ş.,"['HEDEF', 'HEDEF HOLDİNG']"
HEKTAŞ TİCARET T.A.Ş.,"['HEKTS', 'HEKTAŞ']"
HİDROPAR HAREKET KONTROL TEKNOLOJİLERİ MERKEZİ SANAYİ VE TİCARET A.Ş.,"['HKTM', 'HİDROPAR']"
HİTİT BİLGİSAYAR HİZMETLERİ A.Ş.,"['HTTBT', 'HİTİT BİLGİSAYAR']"
HOROZ LOJİSTİK KARGO HİZMETLERİ VE TİCARET A.Ş.,"['HOROZ', 'HOROZ LOJİSTİK']"
HUB GİRİŞİM SERMAYESİ YATIRIM ORTAKLIĞI A.Ş.,"['HUBVC', 'HUB GİRİŞİM']"
HUN YENİLENEBİLİR ENERJİ ÜRETİM A.Ş.,"['HUNER', 'HUN YENİLENEBİLİR ENERJİ']"
HUZUR FAKTORİNG A.Ş.,"['HUZFA', 'HUZUR FAKTORİNG']"
HÜRRİYET GAZETECİLİK VE MATBAACILIK A.Ş.,"['HURGZ', 'HÜRRİYET']"
IC ENTERRA YENİLENEBİLİR ENERJİ A.Ş.,"['ENTRA', 'IC ENTERRA YENİLENEBİLİR ENERJİ', 'ENTERRA']"
ICBC TURKEY BANK A.Ş.,"['IC', 'ICBCT', 'ICBC TURKEY BANK', 'ICBC']"
ICU GİRİŞİM SERMAYESİ YATIRIM ORTAKLIĞI A.Ş.,"['ICUGS', 'ICU GİRİŞİM']"
INGRAM MİCRO BİLİŞİM SİSTEMLERİ A.Ş.,"['INGRM', 'INGRAM MİCRO BİLİŞİM SİSTEMLERİ']"
INVEO YATIRIM HOLDİNG A.Ş.,"['INVEO', 'INVEO YATIRIM HOLDİNG']"
INVEST AZ YATIRIM MENKUL DEĞERLER A.Ş.,"['IA', 'INVAZ', 'INVEST AZ YATIRIM MENKUL DEĞERLER']"
INVESTCO HOLDİNG A.Ş.,"['INVES', 'INVESTCO HOLDİNG']"
IŞIK PLASTİK SANAYİ VE DIŞ TİCARET PAZARLAMA A.Ş.,"['ISKPL', 'IŞIK PLASTİK']"
IŞIKLAR ENERJİ VE YAPI HOLDİNG A.Ş.,"['IEYHO', 'IŞIKLAR ENERJİ YAPI HOLDİNG', 'IŞIKLAR HOLDİNG']"
İDEALİST GAYRİMENKUL YATIRIM ORTAKLIĞI A.Ş.,"['IDGYO', 'İDEALİST GAYRİMENKUL']"
İHLAS EV ALETLERİ İMALAT SANAYİ VE TİCARET A.Ş.,"['IHEVA', 'İHLAS EV ALETLERİ', 'İHLAS']"
İHLAS GAYRİMENKUL PROJE GELİŞTİRME VE TİCARET A.Ş.,"['IHLGM', 'İHLAS GAYRİMENKUL']"
İHLAS GAZETECİLİK A.Ş.,"['IHGZT', 'İHLAS GAZETECİLİK']"
İHLAS HABER AJANSI A.Ş.,"['IHAAS', 'İHLAS HABER AJANSI']"
İHLAS HOLDİNG A.Ş.,"['IHLAS', 'İHLAS HOLDİNG']"
İHLAS YAYIN HOLDİNG A.Ş.,"['IHYAY', 'İHLAS YAYIN HOLDİNG']"
İMAŞ MAKİNA SANAYİ A.Ş.,"['IMASM', 'İMAŞ MAKİNA']"
İNDEKS BİLGİSAYAR SİSTEMLERİ MÜHENDİSLİK SANAYİ VE TİCARET A.Ş.,"['INDES', 'İNDEKS BİLGİSAYAR']"
İNFO YATIRIM MENKUL DEĞERLER A.Ş.,"['INF', 'IYF', 'İNFO YATIRIM MENKUL DEĞERLER']"
İNTEMA İNŞAAT VE TESİSAT MALZEMELERİ YATIRIM VE PAZARLAMA A.Ş.,"['INTEM', 'İNTEMA İNŞAAT', 'İNTEMA']"
İPEK DOĞAL ENERJİ KAYNAKLARI ARAŞTIRMA VE ÜRETİM A.Ş.,"['IPEKE', 'İPEK DOĞAL ENERJİ']"
İSKENDERUN DEMİR VE ÇELİK A.Ş.,"['ISDMR', 'İSKENDERUN DEMİR ÇELİK']"
İSTANBUL FAKTORİNG A.Ş.,"['ISTFK', 'İSTANBUL FAKTORİNG']"
İŞ FAKTORİNG A.Ş.,"['ISFAK', 'İŞ FAKTORİNG']"
İŞ FİNANSAL KİRALAMA A.Ş.,"['ISFIN', 'İŞ FİNANSAL KİRALAMA']"
İŞ GAYRİMENKUL YATIRIM ORTAKLIĞI A.Ş.,"['ISGYO', 'İŞ GAYRİMENKUL']"
İŞ GİRİŞİM SERMAYESİ YATIRIM ORTAKLIĞI A.Ş.,"['ISGSY', 'İŞ GİRİŞİM SERMAYESİ']"
İŞ YATIRIM MENKUL DEĞERLER A.Ş.,"['ISME', 'IYM', 'İŞ YATIRIM MENKUL DEĞERLER']"
İŞ YATIRIM ORTAKLIĞI A.Ş.,"['ISYAT', 'İŞ YATIRIM ORTAKLIĞI']"
İŞBİR HOLDİNG A.Ş.,"['ISBIR', 'İŞBİR HOLDİNG']"
İŞBİR SENTETİK DOKUMA SANAYİ A.Ş.,"['ISSEN', 'İŞBİR SENTETİK']"
İZ YATIRIM HOLDİNG A.Ş.,"['IZINV', 'İZ YATIRIM HOLDİNG']"
İZDEMİR ENERJİ ELEKTRİK ÜRETİM A.Ş.,"['IZENR', 'İZDEMİR ENERJİ']"
İZMİR DEMİR ÇELİK SANAYİ A.Ş.,"['IZMDC', 'İZMİR DEMİR ÇELİK']"
İZMİR FIRÇA SANAYİ VE TİCARET A.Ş.,"['IZFAS', 'İZMİR FIRÇA']"
JANTSA JANT SANAYİ VE TİCARET A.Ş.,"['JANTS', 'JANTSA JANT']"
KAFEİN YAZILIM HİZMETLERİ TİCARET A.Ş.,"['KFEIN', 'KAFEİN YAZILIM']"
KALEKİM KİMYEVİ MADDELER SANAYİ VE TİCARET A.Ş.,"['KLKIM', 'KALEKİM']"
KALESERAMİK ÇANAKKALE KALEBODUR SERAMİK SANAYİ A.Ş.,"['KLSER', 'KALESERAMİK']"
KALKINMA YATIRIM VARLIK KİRALAMA A.Ş.,"['KLVKS', 'KALKINMA YATIRIM']"
KAP TEST A.Ş.,"['KAPTESTAS00', 'TRAKAPTEST01', 'KAP TEST']"
KAPLAMİN AMBALAJ SANAYİ VE TİCARET A.Ş.,"['KAPLM', 'KAPLAMİN AMBALAJ']"
KARDEMİR KARABÜK DEMİR ÇELİK SANAYİ VE TİCARET A.Ş.,"['KRDM', 'KRDM', 'KRDMD', 'KARDEMİR KARABÜK DEMİR ÇELİK']"
KAREL ELEKTRONİK SANAYİ VE TİCARET A.Ş.,"['KAREL', 'KAREL ELEKTRONİK']"
KARSAN OTOMOTİV SANAYİİ VE TİCARET A.Ş.,"['KARSN', 'KARSAN OTOMOTİV']"
KARSU TEKSTİL SANAYİİ VE TİCARET A.Ş.,"['KRTEK', 'KARSU TEKSTİL']"
KARTAL YENİLENEBİLİR ENERJİ ÜRETİM A.Ş.,"['KARYE', 'KARTAL YENİLENEBİLİR ENERJİ']"
KARTONSAN KARTON SANAYİ VE TİCARET A.Ş.,"['KARTN', 'KARTONSAN KARTON']"
KATILIM VARLIK KİRALAMA A.Ş.,"['KATVK', 'KATILIM VARLIK KİRALAMA']"
KATILIMEVİM TASARRUF FİNANSMAN A.Ş.,"['KTLEV', 'KATILIMEVİM']"
KATMERCİLER ARAÇ ÜSTÜ EKİPMAN SANAYİ VE TİCARET A.Ş.,"['KATMR', 'KATMERCİLER ARAÇ ÜSTÜ EKİPMAN']"
KAYSERİ ŞEKER FABRİKASI A.Ş.,"['KAYSE', 'KAYSERİ ŞEKER']"
KENT FİNANS FAKTORİNG A.Ş.,"['KNTFA', 'KENT FİNANS FAKTORİNG']"
KENT GIDA MADDELERİ SANAYİİ VE TİCARET A.Ş.,"['KENT', 'KENT GIDA']"
KEREVİTAŞ GIDA SANAYİ VE TİCARET A.Ş.,"['KERVT', 'KEREVİTAŞ GIDA']"
KERVAN GIDA SANAYİ VE TİCARET A.Ş.,"['KRVGD', 'KERVAN GIDA']"
KERVANSARAY YATIRIM HOLDİNG A.Ş.,"['KERVN', 'KERVANSARAY YATIRIM HOLDİNG']"
KIZILBÜK GAYRİMENKUL YATIRIM ORTAKLIĞI A.Ş.,"['KZBGY', 'KIZILBÜK GAYRİMENKUL']"
KİLER GAYRİMENKUL YATIRIM ORTAKLIĞI A.Ş.,"['KLGYO', 'KİLER GAYRİMENKUL']"
KİLER HOLDİNG A.Ş.,"['KLRHO', 'KİLER HOLDİNG']"
KİMTEKS POLİÜRETAN SANAYİ VE TİCARET A.Ş.,"['KMPUR', 'KİMTEKS POLİÜRETAN']"
KLİMASAN KLİMA SANAYİ VE TİCARET A.Ş.,"['KLMSN', 'KLİMASAN KLİMA']"
KOCAER ÇELİK SANAYİ VE TİCARET A.Ş.,"['KCAER', 'KOCAER ÇELİK']"
KOÇ FIAT KREDİ FİNANSMAN A.Ş.,"['KFKTF', 'KOÇ FIAT KREDİ FİNANSMAN']"
KOÇ FİNANSMAN A.Ş.,"['KOCFN', 'KOÇ FİNANSMAN']"
KOÇ HOLDİNG A.Ş.,"['KCHOL', 'KOÇ HOLDİNG']"
KOÇ METALURJİ A.Ş.,"['KOCMT', 'KOÇ METALURJİ']"
KOÇ SİSTEM BİLGİ VE İLETİŞİM HİZMETLERİ A.Ş.,"['KCSIS', 'KOÇ SİSTEM']"
KOLEKSİYON MOBİLYA SANAYİ A.Ş.,"['KLSYN', 'KOLEKSİYON MOBİLYA']"
KONFRUT GIDA SANAYİ VE TİCARET A.Ş.,"['KNFRT', 'KONFRUT GIDA']"
KONTROLMATİK TEKNOLOJİ ENERJİ VE MÜHENDİSLİK A.Ş.,"['KONTR', 'KONTROLMATİK']"
KONYA ÇİMENTO SANAYİİ A.Ş.,"['KONYA', 'KONYA ÇİMENTO']"
KONYA KAĞIT SANAYİ VE TİCARET A.Ş.,"['KONKA', 'KONYA KAĞIT']"
KORAY GAYRİMENKUL YATIRIM ORTAKLIĞI A.Ş.,"['KGYO', 'KORAY GAYRİMENKUL']"
KORDSA TEKNİK TEKSTİL A.Ş.,"['KORDS', 'KORDSA TEKNİK TEKSTİL']"
KOROPLAST TEMİZLİK AMBALAJ ÜRÜNLERİ SANAYİ VE DIŞ TİCARET A.Ş.,"['KRPLS', 'KOROPLAST']"
KORTEKS MENSUCAT SANAYİ VE TİCARET A.Ş.,"['KORTS', 'KORTEKS MENSUCAT']"
KOTON MAĞAZACILIK TEKSTİL SANAYİ VE TİCARET A.Ş.,"['KOTON']"
KOZA ALTIN İŞLETMELERİ A.Ş.,"['KOZAL', 'KOZA ALTIN']"
KOZA ANADOLU METAL MADENCİLİK İŞLETMELERİ A.Ş.,"['KOZAA', 'KOZA ANADOLU METAL MADENCİLİK']"
KOZA POLYESTER SANAYİ VE TİCARET A.Ş.,"['KOPOL', 'KOZA POLYESTER']"
KÖRFEZ GAYRİMENKUL YATIRIM ORTAKLIĞI A.Ş.,"['KRGYO', 'KÖRFEZ GAYRİMENKUL']"
KRİSTAL KOLA VE MEŞRUBAT SANAYİ TİCARET A.Ş.,"['KRSTL', 'KRİSTAL KOLA']"
KRON TEKNOLOJİ A.Ş.,"['KRONT', 'KRON TEKNOLOJİ']"
KT KİRA SERTİFİKALARI VARLIK KİRALAMA A.Ş.,"['KTKVK', 'KT KİRA SERTİFİKALARI VARLIK KİRALAMA']"
KUŞTUR KUŞADASI TURİZM ENDÜSTRİSİ A.Ş.,"['KSTUR', 'KUŞTUR KUŞADASI TURİZM']"
KUVVA GIDA TİCARET VE SANAYİ YATIRIMLARI A.Ş.,"['KUVVA', 'KUVVA GIDA']"
KUYAŞ YATIRIM A.Ş.,"['KUYAS', 'KUYAŞ YATIRIM']"
KUZEY BORU A.Ş.,"['KBORU', 'KUZEY BORU']"
KUZUGRUP GAYRİMENKUL YATIRIM ORTAKLIĞI A.Ş.,"['KZGYO', 'KUZUGRUP GAYRİMENKUL']"
KÜTAHYA PORSELEN SANAYİ A.Ş.,"['KUTPO', 'KÜTAHYA PORSELEN']"
KÜTAHYA ŞEKER FABRİKASI A.Ş.,"['KTSKR', 'KÜTAHYA ŞEKER']"
LDR TURİZM A.Ş.,"['LIDER', 'LDR TURİZM', 'LİDER TURİZM']"
LİDER FAKTORİNG A.Ş.,"['LIDFA', 'LİDER FAKTORİNG']"
LİLA KAĞIT SANAYİ VE TİCARET A.Ş.,"['LILAK', 'LİLA KAĞIT']"
LİMAK DOĞU ANADOLU ÇİMENTO SANAYİ VE TİCARET A.Ş.,"['LMKDC', 'LİMAK ÇİMENTO']"
LİNK BİLGİSAYAR SİSTEMLERİ YAZILIMI VE DONANIMI SANAYİ VE TİCARET A.Ş.,"['LINK', 'LİNK BİLGİSAYAR']"
LOGO YAZILIM SANAYİ VE TİCARET A.Ş.,"['LOGO', 'LOGO YAZILIM']"
LOKMAN HEKİM ENGÜRÜSAĞ SAĞLIK TURİZM EĞİTİM HİZMETLERİ VE İNŞAAT TAAHHÜT A.Ş.,"['LKMNH', 'LOKMAN HEKİM SAĞLIK']"
LORAS HOLDİNG A.Ş.,"['LRSHO', 'LORAS HOLDİNG']"
LÜKS KADİFE TİCARET VE SANAYİİ A.Ş.,"['LUKSK', 'LÜKS KADİFE']"
MACKOLİK İNTERNET HİZMETLERİ TİCARET A.Ş.,"['MACKO', 'MAÇKOLİK']"
MAKİM MAKİNA TEKNOLOJİLERİ SANAYİ VE TİCARET A.Ş.,"['MAKIM', 'MAKİM MAKİNA']"
MAKİNA TAKIM ENDÜSTRİSİ A.Ş.,"['MAKTK', 'MAKİNA TAKIM']"
MANAS ENERJİ YÖNETİMİ SANAYİ VE TİCARET A.Ş.,"['MANAS', 'MANAS ENERJİ']"
MARBAŞ MENKUL DEĞERLER A.Ş.,"['MRBA', 'MRS', 'MARBAŞ MENKUL DEĞERLER']"
MARGÜN ENERJİ ÜRETİM SANAYİ VE TİCARET A.Ş.,"['MAGEN', 'MARGÜN ENERJİ']"
MARKA MAĞAZACILIK A.Ş.,"['MRMAG', 'MARKA MAĞAZACILIK']"
MARKA YATIRIM HOLDİNG A.Ş.,"['MARKA', 'MARKA YATIRIM HOLDİNG']"
MARMARİS ALTINYUNUS TURİSTİK TESİSLER A.Ş.,"['MAALT', 'MARMARİS ALTINYUNUS TURİSTİK TESİSLER']"
MARSHALL BOYA VE VERNİK SANAYİİ A.Ş.,"['MRSHL', 'MARSHALL BOYA']"
MARTI GAYRİMENKUL YATIRIM ORTAKLIĞI A.Ş.,"['MRGYO', 'MARTI GAYRİMENKUL']"
MARTI OTEL İŞLETMELERİ A.Ş.,"['MARTI', 'MARTI OTEL']"
MATRİKS BİLGİ DAĞITIM HİZMETLERİ A.Ş.,"['MTRKS', 'MATRİKS BİLGİ']"
MAVİ GİYİM SANAYİ VE TİCARET A.Ş.,"['MAVI', 'MAVİ GİYİM']"
MAZHAR ZORLU HOLDİNG A.Ş.,"['MZHLD', 'MAZHAR ZORLU HOLDİNG', 'ZORLU HOLDİNG']"
MEDİTERA TIBBİ MALZEME SANAYİ VE TİCARET A.Ş.,"['MEDTR', 'MEDİTERA TIBBİ MALZEME']"
MEGA METAL SANAYİ VE TİCARET A.Ş.,"['MEGMT', 'MEGA METAL']"
MEGA POLİETİLEN KÖPÜK SANAYİ VE TİCARET A.Ş.,"['MEGAP', 'MEGA POLİETİLEN KÖPÜK']"
MEKA BETON SANTRALLERİ İMALAT SANAYİ VE TİCARET A.Ş.,"['MEKAG', 'MEKA BETON']"
MEKSA YATIRIM MENKUL DEĞERLER A.Ş.,"['MEKM', 'MSA', 'MEKSA YATIRIM MENKUL DEĞERLER']"
MENDERES TEKSTİL SANAYİ VE TİCARET A.Ş.,"['MNDRS', 'MENDERES TEKSTİL']"
MEPET METRO PETROL VE TESİSLERİ SANAYİ TİCARET A.Ş.,"['MEPET', 'MEPET METRO PETROL']"
MERCAN KİMYA SANAYİ VE TİCARET A.Ş.,"['MERCN', 'MERCAN KİMYA']"
MERCEDES BENZ KAMYON FİNANSMAN A.Ş.,"['MRBKF', 'MERCEDES BENZ KAMYON FİNANSMAN']"
MERCEDES-BENZ FİNANSMAN TÜRK A.Ş.,"['MBFTR', 'MERCEDES-BENZ FİNANSMAN TÜRK']"
MERİT TURİZM YATIRIM VE İŞLETME A.Ş.,"['MERIT', 'MERİT TURİZM']"
MERKO GIDA SANAYİ VE TİCARET A.Ş.,"['MERKO', 'MERKO GIDA']"
METEMTUR YATIRIM ENERJİ TURİZM VE İNŞAAT A.Ş.,"['METUR', 'METEMTUR YATIRIM']"
METRO TİCARİ VE MALİ YATIRIMLAR HOLDİNG A.Ş.,"['METRO', 'METRO TİCARİ VE MALİ YATIRIMLAR HOLDİNG']"
METRO YATIRIM ORTAKLIĞI A.Ş.,"['MTRYO', 'METRO YATIRIM ORTAKLIĞI']"
MHR GAYRİMENKUL YATIRIM ORTAKLIĞI A.Ş.,"['MHRGY', 'MHR GAYRİMENKUL']"
MİA TEKNOLOJİ A.Ş.,"['MIATK', 'MİA TEKNOLOJİ']"
MİGROS TİCARET A.Ş.,"['MGROS', 'MİGROS']"
MİLPA TİCARİ VE SINAİ ÜRÜNLER PAZARLAMA SANAYİ VE TİCARET A.Ş.,"['MIPAZ', 'MİLPA TİCARİ VE SINAİ ÜRÜNLER']"
MİSTRAL GAYRİMENKUL YATIRIM ORTAKLIĞI A.Ş.,"['MSGYO', 'MİSTRAL GAYRİMENKUL']"
MLP SAĞLIK HİZMETLERİ A.Ş.,"['MPARK', 'MLP SAĞLIK HİZMETLERİ']"
MMC SANAYİ VE TİCARİ YATIRIMLAR A.Ş.,"['MMCAS', 'MMC SANAYİ VE TİCARİ YATIRIMLAR']"
MOBİLTEL İLETİŞİM HİZMETLERİ SANAYİ VE TİCARET A.Ş.,"['MOBTL', 'MOBİLTEL İLETİŞİM HİZMETLERİ']"
MOGAN ENERJİ YATIRIM HOLDİNG A.Ş.,"['MOGAN', 'MOGAN ENERJİ YATIRIM HOLDİNG']"
MONDİ TURKEY OLUKLU MUKAVVA KAĞIT VE AMBALAJ SANAYİ A.Ş.,"['MNDTR', 'MONDİ TURKEY OLUKLU MUKAVVA KAĞIT VE AMBALAJ']"
NASMED ÖZEL SAĞLIK HİZMETLERİ TİCARET A.Ş.,"['EGEPO', 'NASMED']"
NATUREL YENİLENEBİLİR ENERJİ TİCARET A.Ş.,"['NATEN', 'NATUREL YENİLENEBİLİR ENERJİ']"
NATURELGAZ SANAYİ VE TİCARET A.Ş.,"['NTGAZ', 'NATURELGAZ']"
NET HOLDİNG A.Ş.,"['NTHOL', 'NET HOLDİNG', 'BESİM TİBUK HOLDİNG']"
NETAŞ TELEKOMÜNİKASYON A.Ş.,"['NETAS', 'NETAŞ TELEKOMÜNİKASYON', 'NETAŞ']"
NİĞBAŞ NİĞDE BETON SANAYİ VE TİCARET A.Ş.,"['NIBAS', 'NİĞBAŞ NİĞDE BETON']"
NUH ÇİMENTO SANAYİ A.Ş.,"['NUHCM', 'NUH ÇİMENTO']"
NUROL GAYRİMENKUL YATIRIM ORTAKLIĞI A.Ş.,"['NUGYO', 'NUROL GAYRİMENKUL']"
NUROL HOLDİNG A.Ş.,"['NRHOL', 'NUROL HOLDİNG']"
NUROL İNŞAAT VE TİCARET A.Ş.,"['NRLIN', 'NUROL İNŞAAT']"
NUROL VARLIK KİRALAMA A.Ş.,"['NURVK', 'NUROL VARLIK KİRALAMA']"
NUROL YATIRIM BANKASI  A.Ş.,"['NRBN', 'NYB', 'NUROL YATIRIM BANKASI']"
OBA MAKARNACILIK SANAYİ VE TİCARET A.Ş.,"['OBAMS', 'OBA MAKARNACILIK']"
OBASE BİLGİSAYAR VE DANIŞMANLIK HİZMETLERİ TİCARET A.Ş.,"['OBASE', 'OBASE BİLGİSAYAR']"
ODAŞ ELEKTRİK ÜRETİM SANAYİ TİCARET A.Ş.,"['ODAS', 'ODAŞ ELEKTRİK']"
ODİNE SOLUTİONS TEKNOLOJİ TİCARET VE SANAYİ A.Ş.,"['ODINE', 'ODİNE SOLUTİONS']"
OFİS YEM GIDA SANAYİ TİCARET A.Ş.,"['OFSYM', 'OFİS YEM GIDA']"
ONCOSEM ONKOLOJİK SİSTEMLER SANAYİ VE TİCARET A.Ş.,"['ONCSM', 'ONCOSEM ONKOLOJİK SİSTEMLER']"
ONUR YÜKSEK TEKNOLOJİ A.Ş.,"['ONRYT', 'ONUR YÜKSEK TEKNOLOJİ']"
OPET PETROLCÜLÜK A.Ş.,"['OPET', 'OPET PETROLCÜLÜK']"
OPTİMA FAKTORİNG A.Ş.,"['OPTMA', 'OPTİMA FAKTORİNG']"
ORÇAY ORTAKÖY ÇAY SANAYİ VE TİCARET A.Ş.,"['ORCAY', 'ORÇAY ORTAKÖY ÇAY']"
ORFİN FİNANSMAN A.Ş.,"['ORFIN', 'ORFİN FİNANSMAN']"
ORGE ENERJİ ELEKTRİK TAAHHÜT A.Ş.,"['ORGE', 'ORGE ENERJİ']"
ORMA ORMAN MAHSULLERİ İNTEGRE SANAYİ VE TİCARET A.Ş.,"['ORMA', 'ORMA ORMAN MAHSULLERİ']"
OSMANLI YATIRIM MENKUL DEĞERLER A.Ş.,"['OM', 'OSMEN', 'OSMANLI YATIRIM MENKUL DEĞERLER']"
OSTİM ENDÜSTRİYEL YATIRIMLAR VE İŞLETME A.Ş.,"['OSTIM', 'OSTİM ENDÜSTRİYEL YATIRIMLAR']"
OTOKAR OTOMOTİV VE SAVUNMA SANAYİ A.Ş.,"['OTKAR', 'OTOKAR']"
OTOKOÇ OTOMOTİV TİCARET VE SANAYİ A.Ş.,"['OTOKC', 'OTOKOÇ']"
OTOSOR OTOMOTİV A.Ş.,"['OTOSR', 'OTOSOR OTOMOTİV']"
OTTO HOLDİNG A.Ş.,"['OTTO', 'OTTO HOLDİNG']"
OYAK ÇİMENTO FABRİKALARI A.Ş.,"['OYAKC', 'OYAK ÇİMENTO']"
OYAK YATIRIM MENKUL DEĞERLER A.Ş.,"['OY', 'OYYAT', 'OYAK YATIRIM MENKUL DEĞERLER']"
OYAK YATIRIM ORTAKLIĞI A.Ş.,"['OYAYO', 'OYAK YATIRIM ORTAKLIĞI']"
OYLUM SINAİ YATIRIMLAR A.Ş.,"['OYLUM', 'OYLUM SINAİ YATIRIMLAR']"
ÖZAK GAYRİMENKUL YATIRIM ORTAKLIĞI A.Ş.,"['OZKGY', 'ÖZAK GAYRİMENKUL']"
ÖZDERİCİ GAYRİMENKUL YATIRIM ORTAKLIĞI A.Ş.,"['OZGYO', 'ÖZDERİCİ GAYRİMENKUL']"
ÖZERDEN AMBALAJ SANAYİ A.Ş.,"['OZRDN', 'ÖZERDEN AMBALAJ']"
ÖZSU BALIK ÜRETİM A.Ş.,"['OZSUB', 'ÖZSU BALIK']"
ÖZYAŞAR TEL VE GALVANİZLEME SANAYİ A.Ş.,"['OZYSR', 'ÖZYAŞAR TEL']"
PAMEL YENİLENEBİLİR ELEKTRİK ÜRETİM A.Ş.,"['PAMEL', 'PAMEL YENİLENEBİLİR ELEKTRİK']"
PANELSAN ÇATI CEPHE SİSTEMLERİ SANAYİ VE TİCARET A.Ş.,"['PNLSN', 'PANELSAN ÇATI CEPHE SİSTEMLERİ']"
PANORA GAYRİMENKUL YATIRIM ORTAKLIĞI A.Ş.,"['PAGYO', 'PANORA GAYRİMENKUL']"
PAPİLON SAVUNMA TEKNOLOJİ VE TİCARET A.Ş.,"['PAPIL', 'PAPİLON SAVUNMA']"
PARAFİNANS FAKTORİNG A.Ş.,"['PRFFK', 'PARAFİNANS FAKTORİNG']"
PARDUS GİRİŞİM SERMAYESİ YATIRIM ORTAKLIĞI A.Ş.,"['PRDGS', 'PARDUS GİRİŞİM']"
PARK ELEKTRİK ÜRETİM MADENCİLİK SANAYİ VE TİCARET A.Ş.,"['PRKME', 'PARK ELEKTRİK']"
PARSAN MAKİNA PARÇALARI SANAYİİ A.Ş.,"['PARSN', 'PARSAN MAKİNA']"
PASHA YATIRIM BANKASI A.Ş.,"['PB', 'PBTR', 'PASHA YATIRIM BANKASI']"
PASİFİK DONANIM VE YAZILIM BİLGİ TEKNOLOJİLERİ A.Ş.,"['PATEK', 'PASİFİK DONANIM VE YAZILIM']"
PASİFİK EURASİA LOJİSTİK DIŞ TİCARET A.Ş.,"['PASEU', 'PASİFİK EURASİA']"
PASİFİK GAYRİMENKUL YATIRIM ORTAKLIĞI A.Ş.,"['PSGYO', 'PASİFİK GAYRİMENKUL']"
PC İLETİŞİM VE MEDYA HİZMETLERİ SANAYİ TİCARET A.Ş.,"['PCILT', 'PC İLETİŞİM VE MEDYA HİZMETLERİ']"
PEGASUS HAVA TAŞIMACILIĞI A.Ş.,"['PGSUS', 'PEGASUS']"
PEKER GAYRİMENKUL YATIRIM ORTAKLIĞI A.Ş.,"['PEKGY', 'PEKER GAYRİMENKUL']"
PENGUEN GIDA SANAYİ A.Ş.,"['PENGD', 'PENGUEN GIDA']"
PENTA TEKNOLOJİ ÜRÜNLERİ DAĞITIM TİCARET A.Ş.,"['PENTA', 'PENTA TEKNOLOJİ']"
PERA YATIRIM HOLDİNG A.Ş.,"['PEHOL', 'PERA YATIRIM HOLDİNG']"
PERGAMON STATUS DIŞ TİCARET A.Ş.,"['PSDTC', 'PERGAMON STATUS DIŞ TİCARET']"
PETKİM PETROKİMYA HOLDİNG A.Ş.,"['PETKM', 'PETKİM PETROKİMYA HOLDİNG']"
PETROKENT TURİZM A.Ş.,"['PKENT', 'PETROKENT TURİZM']"
PINAR ENTEGRE ET VE UN SANAYİİ A.Ş.,"['PETUN', 'PINAR ENTEGRE ET VE UN']"
PINAR SU VE İÇECEK SANAYİ VE TİCARET A.Ş.,"['PINSU', 'PINAR SU VE İÇECEK']"
PINAR SÜT MAMULLERİ SANAYİİ A.Ş.,"['PNSUT', 'PINAR SÜT']"
PLASTİKKART AKILLI KART İLETİŞİM SİSTEMLERİ SANAYİ VE TİCARET A.Ş.,"['PKART', 'PLASTİKKART']"
PLATFORM TURİZM TAŞIMACILIK GIDA İNŞAAT TEMİZLİK HİZMETLERİ SANAYİ VE TİCARET A.Ş.,"['PLTUR', 'PLATFORM TURİZM']"
POLİSAN HOLDİNG A.Ş.,"['POLHO', 'POLİSAN HOLDİNG']"
POLİTEKNİK METAL SANAYİ VE TİCARET A.Ş.,"['POLTK', 'POLİTEKNİK METAL']"
PRİZMA PRES MATBAACILIK YAYINCILIK SANAYİ VE TİCARET A.Ş.,"['PRZMA', 'PRİZMA PRES']"
Q YATIRIM HOLDİNG A.Ş.,"['QYHOL', 'Q YATIRIM HOLDİNG']"
QNB FİNANS FAKTORİNG A.Ş.,"['QNBFF', 'QNB FİNANS FAKTORİNG']"
QNB FİNANS FİNANSAL KİRALAMA A.Ş.,"['QNBFL', 'QNB FİNANS FİNANSAL KİRALAMA']"
QNB FİNANS VARLIK KİRALAMA A.Ş.,"['QNBVK', 'QNB FİNANS VARLIK KİRALAMA']"
QNB FİNANS YATIRIM MENKUL DEĞERLER A.Ş.,"['FN', 'QNBFI', 'QNB FİNANS YATIRIM MENKUL DEĞERLER']"
QNB FİNANSBANK A.Ş.,"['FI', 'QNBFB', 'QNB FİNANSBANK']"
QUA GRANITE HAYAL YAPI VE ÜRÜNLERİ SANAYİ TİCARET A.Ş.,"['QUAGR', 'QUA GRANITE HAYAL YAPI']"
QUICK FİNANSMAN A.Ş.,"['QUFIN', 'QUICK FİNANSMAN']"
RAİNBOW POLİKARBONAT SANAYİ TİCARET A.Ş.,"['RNPOL', 'RAİNBOW POLİKARBONAT']"
RAL YATIRIM HOLDİNG A.Ş.,"['RALYH', 'RAL YATIRIM HOLDİNG']"
RAY SİGORTA A.Ş.,"['RAYSG', 'RAY SİGORTA']"
REEDER TEKNOLOJİ SANAYİ VE TİCARET A.Ş.,"['REEDR', 'REEDER TEKNOLOJİ SANAYİ VE TİCARET', 'REEDER']"
REYSAŞ GAYRİMENKUL YATIRIM ORTAKLIĞI A.Ş.,"['RYGYO', 'REYSAŞ GAYRİMENKUL']"
REYSAŞ TAŞIMACILIK VE LOJİSTİK TİCARET A.Ş.,"['RYSAS', 'REYSAŞ TAŞIMACILIK']"
RODRİGO TEKSTİL SANAYİ VE TİCARET A.Ş.,"['RODRG', 'RODRİGO TEKSTİL']"
ROYAL HALI İPLİK TEKSTİL MOBİLYA SANAYİ VE TİCARET A.Ş.,"['ROYAL', 'ROYAL HALI']"
RÖNESANS GAYRİMENKUL YATIRIM A.Ş.,"['RGYAS', 'RÖNESANS GAYRİMENKUL']"
RTA LABORATUVARLARI BİYOLOJİK ÜRÜNLER İLAÇ VE MAKİNE SANAYİ TİCARET A.Ş.,"['RTALB', 'RTA LABORATUVARLARI']"
RUBENİS TEKSTİL SANAYİ TİCARET A.Ş.,"['RUBNS', 'RUBENİS TEKSTİL SANAYİ TİCARET']"
SAFKAR EGE SOĞUTMACILIK KLİMA SOĞUK HAVA TESİSLERİ İHRACAT İTHALAT SANAYİ VE TİCARET A.Ş.,"['SAFKR', 'SAFKAR EGE SOĞUTMACILIK']"
SAN-EL MÜHENDİSLİK ELEKTRİK TAAHHÜT SANAYİ VE TİCARET A.Ş.,"['SANEL', 'SAN-EL MÜHENDİSLİK']"
SANİCA ISI SANAYİ A.Ş.,"['SNICA', 'SANİCA ISI']"
SANİFOAM ENDÜSTRİ VE TÜKETİM ÜRÜNLERİ SANAYİ TİCARET A.Ş.,"['SANFM', 'SANİFOAM']"
SANKO PAZARLAMA İTHALAT İHRACAT A.Ş.,"['SANKO', 'SANKO PAZARLAMA']"
SARAY MATBAACILIK KAĞITÇILIK KIRTASİYECİLİK TİCARET VE SANAYİ A.Ş.,"['SAMAT', 'SARAY MATBAACILIK']"
SARKUYSAN ELEKTROLİTİK BAKIR SANAYİ VE TİCARET A.Ş.,"['SARKY', 'SARKUYSAN ELEKTROLİTİK BAKIR']"
SARTEN AMBALAJ SANAYİ VE TİCARET A.Ş.,"['SARTN', 'SARTEN AMBALAJ']"
SASA POLYESTER SANAYİ A.Ş.,"['SASA', 'SASA POLYESTER']"
SAY YENİLENEBİLİR ENERJİ EKİPMANLARI SANAYİ VE TİCARET A.Ş.,"['SAYAS', 'SAY YENİLENEBİLİR ENERJİ']"
SDT UZAY VE SAVUNMA TEKNOLOJİLERİ A.Ş.,"['SDTTR', 'SDT UZAY VE SAVUNMA']"
SEKURO PLASTİK AMBALAJ SANAYİ A.Ş.,"['SEKUR', 'SEKURO PLASTİK AMBALAJ']"
SELÇUK ECZA DEPOSU TİCARET VE SANAYİ A.Ş.,"['SELEC', 'SELÇUK ECZA']"
SELÇUK GIDA ENDÜSTRİ İHRACAT İTHALAT A.Ş.,"['SELGD', 'SELÇUK GIDA']"
SELVA GIDA SANAYİ A.Ş.,"['SELVA', 'SELVA GIDA']"
SENKRON SİBER GÜVENLİK YAZILIM VE BİLİŞİM ÇÖZÜMLERİ A.Ş.,"['SNKRN', 'SENKRON SİBER GÜVENLİK']"
SERVET GAYRİMENKUL YATIRIM ORTAKLIĞI A.Ş.,"['SRVGY', 'SERVET GAYRİMENKUL']"
SETUR SERVİS TURİSTİK A.Ş.,"['KHSTR', 'SETUR SERVİS']"
SEYİTLER KİMYA SANAYİ A.Ş.,"['SEYKM', 'SEYİTLER KİMYA']"
SHELL & TURCAS PETROL A.Ş.,"['SHTRP', 'SHELL VE TURCAS PETROL', 'SHELL']"
SİLVERLİNE ENDÜSTRİ VE TİCARET A.Ş.,"['SILVR', 'SİLVERLİNE']"
SİNPAŞ GAYRİMENKUL YATIRIM ORTAKLIĞI A.Ş.,"['SNGYO', 'SİNPAŞ GAYRİMENKUL', 'SİNPAŞ']"
SKYALP FİNANSAL TEKNOLOJİLER VE DANIŞMANLIK A.Ş.,"['SKYLP', 'SKYALP FİNANSAL TEKNOLOJİLER']"
SMART GÜNEŞ ENERJİSİ TEKNOLOJİLERİ ARAŞTIRMA GELİŞTİRME ÜRETİM SANAYİ VE TİCARET A.Ş.,"['SMRTG', 'SMART GÜNEŞ ENERJİSİ', 'SMART GÜNEŞ TEKNOLOJİLERİ']"
SMARTİKS YAZILIM A.Ş.,"['SMART', 'SMARTİKS YAZILIM']"
SODAŞ SODYUM SANAYİİ A.Ş.,"['SODSN', 'SODAŞ SODYUM']"
SÖKE DEĞİRMENCİLİK SANAYİ VE TİCARET A.Ş.,"['SOKE', 'SÖKE DEĞİRMENCİLİK']"
SÖKTAŞ TEKSTİL SANAYİ VE TİCARET A.Ş.,"['SKTAS', 'SÖKTAŞ TEKSTİL']"
SÖNMEZ FİLAMENT SENTETİK İPLİK VE ELYAF SANAYİ A.Ş.,"['SONME', 'SÖNMEZ FİLAMENT SENTETİK İPLİK VE ELYAF']"
SÖNMEZ PAMUKLU SANAYİİ A.Ş.,"['SNPAM', 'SÖNMEZ PAMUKLU']"
SUMAŞ SUNİ TAHTA VE MOBİLYA SANAYİ A.Ş.,"['SUMAS', 'SUMAŞ SUNİ TAHTA VE MOBİLYA']"
SUN TEKSTİL SANAYİ VE TİCARET A.Ş.,"['SUNTK', 'SUN TEKSTİL']"
SUR TATİL EVLERİ GAYRİMENKUL YATIRIM ORTAKLIĞI A.Ş.,"['SURGY', 'SUR TATİL EVLERİ', 'SUR GAYRİMENKUL']"
SUWEN TEKSTİL SANAYİ PAZARLAMA A.Ş.,"['SUWEN', 'SUWEN TEKSTİL']"
SÜMER FAKTORİNG A.Ş.,"['SMRFA', 'SÜMER FAKTORİNG']"
SÜMER VARLIK YÖNETİM A.Ş.,"['SMRVA', 'SÜMER VARLIK YÖNETİM']"
ŞEKER FAKTORİNG A.Ş.,"['SEKFA', 'ŞEKER FAKTORİNG']"
ŞEKER FİNANSAL KİRALAMA A.Ş.,"['SEKFK', 'ŞEKER FİNANSAL KİRALAMA']"
ŞEKER GAYRİMENKUL YATIRIM ORTAKLIĞI A.Ş.,"['SEGYO', 'ŞEKER GAYRİMENKUL']"
ŞEKER YATIRIM MENKUL DEĞERLER A.Ş.,"['SK', 'SKYMD', 'ŞEKER YATIRIM MENKUL DEĞERLER']"
ŞEKERBANK T.A.Ş.,"['SE', 'SKBNK', 'ŞEKERBANK']"
ŞOK MARKETLER TİCARET A.Ş.,"['SOKM', 'ŞOK MARKETLER', 'ŞOK']"
T.C. HAZİNE VE MALİYE BAKANLIĞI DARPHANE VE DAMGA MATBAASI GENEL MÜDÜRLÜĞÜ,"['DRPHN', 'HAZİNE VE MALİYE BAKANLIĞI DARPHANE', 'DARPHANE']"
T.C. TOPLU KONUT İDARESİ BAŞKANLIĞI,"['TOKI', 'TOPLU KONUT İDARESİ']"
TAB GIDA SANAYİ VE TİCARET A.Ş.,"['TABGD', 'TAB GIDA']"
TACİRLER YATIRIM MENKUL DEĞERLER  A.Ş.,"['TA', 'TCRYT', 'TACİRLER YATIRIM MENKUL DEĞERLER']"
TAM FİNANS FAKTORİNG A.Ş.,"['TAMFA', 'TAM FİNANS FAKTORİNG']"
TAPDİ OKSİJEN ÖZEL SAĞLIK VE EĞİTİM HİZMETLERİ SANAYİ TİCARET A.Ş.,"['TNZTP', 'TAPDİ OKSİJEN']"
TARKİM BİTKİ KORUMA SANAYİ VE TİCARET A.Ş.,"['TARKM', 'TARKİM']"
TAT GIDA SANAYİ A.Ş.,"['TATGD', 'TAT GIDA']"
TATLIPINAR ENERJİ ÜRETİM A.Ş.,"['TATEN', 'TATLIPINAR ENERJİ']"
TAV HAVALİMANLARI HOLDİNG A.Ş.,"['TAVHL', 'TAV HAVALİMANLARI']"
TEB FAKTORİNG A.Ş.,"['TEBFA', 'TEB FAKTORİNG']"
TEB FİNANSMAN A.Ş.,"['TEBCE', 'TEB FİNANSMAN']"
TEK-ART İNŞAAT TİCARET TURİZM SANAYİ VE YATIRIMLAR A.Ş.,"['TEKTU', 'TEK-ART İNŞAAT']"
TEKFEN HOLDİNG A.Ş.,"['TKFEN', 'TEKFEN HOLDİNG']"
TEKNOSA İÇ VE DIŞ TİCARET A.Ş.,"['TKNSA', 'TEKNOSA']"
TEMAPOL POLİMER PLASTİK VE İNŞAAT SANAYİ TİCARET A.Ş.,"['TMPOL', 'TEMAPOL POLİMER PLASTİK']"
TERA YATIRIM MENKUL DEĞERLER A.Ş.,"['TER', 'TRA', 'TERA YATIRIM MENKUL DEĞERLER']"
TETAMAT GIDA YATIRIMLARI A.Ş.,"['TETMT', 'TETAMAT GIDA']"
TF VARLIK KİRALAMA A.Ş.,"['TFNVK', 'TF VARLIK KİRALAMA']"
TGS DIŞ TİCARET A.Ş.,"['TGSAS', 'TGS']"
TİRYAKİ AGRO GIDA SANAYİ VE TİCARET A.Ş.,"['TRYKI', 'TİRYAKİ AGRO GIDA']"
TOFAŞ TÜRK OTOMOBİL FABRİKASI A.Ş.,"['TOASO', 'TOFAŞ TÜRK OTOMOBİL FABRİKASI', 'TOFAŞ']"
TORUNLAR GAYRİMENKUL YATIRIM ORTAKLIĞI A.Ş.,"['TRGYO', 'TORUNLAR GAYRİMENKUL']"
TRABZON LİMAN İŞLETMECİLİĞİ A.Ş.,"['TLMAN', 'TRABZON LİMAN']"
TRABZONSPOR SPORTİF YATIRIM VE FUTBOL İŞLETMECİLİĞİ TİCARET A.Ş.,"['TSPOR', 'TS', 'TRABZON SPOR', 'TRABZONSPOR']"
TREND GAYRİMENKUL YATIRIM ORTAKLIĞI A.Ş.,"['TDGYO', 'TREND GAYRİMENKUL']"
TRIVE YATIRIM MENKUL DEĞERLER A.Ş.,"['TRME', 'TVM', 'TRIVE YATIRIM MENKUL DEĞERLER']"
TSKB GAYRİMENKUL YATIRIM ORTAKLIĞI A.Ş.,"['TSGYO', 'TSKB GAYRİMENKUL']"
TUĞÇELİK ALÜMİNYUM VE METAL MAMÜLLERİ SANAYİ VE TİCARET A.Ş.,"['TUCLK', 'TUĞÇELİK ALÜMİNYUM METAL']"
TUKAŞ GIDA SANAYİ VE TİCARET A.Ş.,"['TUKAS', 'TUKAŞ']"
TURCAS PETROL A.Ş.,"['TRCAS', 'TURCAS PETROL']"
TUREKS TURİZM TAŞIMACILIK A.Ş.,"['TUREX', 'TUREKS TURİZM TAŞIMACILIK', 'TUREKS TURİZM']"
TUREKS TURUNÇ MADENCİLİK İÇ VE DIŞ TİCARET A.Ş.,"['MARBL', 'TUREKS MADENCİLİK', 'TUREKS TURUNÇ']"
TURK FİNANSMAN A.Ş.,"['TRKFN', 'TURK FİNANSMAN']"
TURK İLAÇ VE SERUM SANAYİ A.Ş.,"['TRILC', 'TURK İLAÇ VE SERUM']"
TURKCELL FİNANSMAN A.Ş.,"['FNCLL', 'TURKCELL FİNANSMAN']"
TURKCELL İLETİŞİM HİZMETLERİ A.Ş.,"['TCELL', 'TURKCELL İLETİŞİM HİZMETLERİ','TÜRKCELL','TURKCELL']"
TURKISH BANK A.Ş.,"['TB', 'TRKSH', 'TURKISH BANK']"
TURKNET İLETİŞİM HİZMETLERİ A.Ş.,"['TRKNT', 'TURKNET']"
TÜMOSAN MOTOR VE TRAKTÖR SANAYİ A.Ş.,"['TMSN', 'TÜMOSAN MOTOR']"
TÜPRAŞ-TÜRKİYE PETROL RAFİNERİLERİ A.Ş.,"['TUPRS', 'TÜPRAŞ']"
TÜRK HAVA YOLLARI A.O.,"['THYAO', 'TÜRK HAVA YOLLARI', 'THY']"
TÜRK PRYSMİAN KABLO VE SİSTEMLERİ A.Ş.,"['PRKAB', 'TÜRK PRYSMİAN KABLO']"
TÜRK TELEKOMÜNİKASYON A.Ş.,"['TTKOM', 'TÜRK TELEKOMÜNİKASYON', 'TÜRK TELEKOM', 'TÜRKTELEKOM']"
TÜRK TRAKTÖR VE ZİRAAT MAKİNELERİ A.Ş.,"['TTRAK', 'TÜRK TRAKTÖR VE ZİRAAT MAKİNELERİ', 'TÜRK TRAKTÖR']"
TÜRK TUBORG BİRA VE MALT SANAYİİ A.Ş.,"['TBORG', 'TÜRK TUBORG BİRA VE MALT SANAYİİ', 'TUBORG']"
TÜRKER PROJE GAYRİMENKUL VE YATIRIM GELİŞTİRME A.Ş.,"['TURGG', 'TÜRKER PROJE GAYRİMENKUL']"
TÜRKİYE GARANTİ BANKASI A.Ş.,"['GARA', 'TGB', 'GARANTİ']"
TÜRKİYE HALK BANKASI A.Ş.,"['HALK', 'THL', 'HALK BANKASI']"
TÜRKİYE İHRACAT KREDİ BANKASI A.Ş.,"['EXIM', 'THR', 'İHRACAT KREDİ BANKASI']"
TÜRKİYE İŞ BANKASI A.Ş.,"['ISAT', 'ISBT', 'ISCT', 'ISKU', 'TIB', 'İŞ BANKASI']"
TÜRKİYE KALKINMA VE YATIRIM BANKASI A.Ş.,"['KL', 'KLNMA', 'KALKINMA VE YATIRIM BANKASI']"
TÜRKİYE SINAİ KALKINMA BANKASI A.Ş.,"['TS', 'TSKB', 'SINAİ KALKINMA BANKASI']"
TÜRKİYE SİGORTA A.Ş.,"['TURSG', 'TÜRKİYE SİGORTA']"
TÜRKİYE ŞİŞE VE CAM FABRİKALARI A.Ş.,"['SISE', 'ŞİŞECAM', 'ŞİŞE CAM']"
TÜRKİYE VAKIFLAR BANKASI T.A.O.,"['TV', 'VAKBN', 'VAKIFBANK', 'VAKIF BANK']"
UFUK YATIRIM YÖNETİM VE GAYRİMENKUL A.Ş.,"['UFUK', 'UFUK YATIRIM YÖNETİM VE GAYRİMENKUL']"
ULAŞLAR TURİZM ENERJİ TARIM GIDA VE İNŞAAT YATIRIMLARI A.Ş.,"['ULAS', 'ULAŞLAR TURİZM']"
ULUSAL FAKTORİNG A.Ş.,"['ULUFA', 'ULUSAL FAKTORİNG']"
ULUSOY ELEKTRİK İMALAT TAAHHÜT VE TİCARET A.Ş.,"['ULUSE', 'ULUSOY ELEKTRİK']"
ULUSOY UN SANAYİ VE TİCARET A.Ş.,"['ULUUN', 'ULUSOY UN']"
UMPAŞ HOLDİNG A.Ş.,"['UMPAS', 'UMPAŞ HOLDİNG']"
UŞAK SERAMİK SANAYİ A.Ş.,"['USAK', 'UŞAK SERAMİK']"
UZERTAŞ BOYA SANAYİ TİCARET VE YATIRIM A.Ş.,"['UZERB', 'UZERTAŞ BOYA']"
ÜLKER BİSKÜVİ SANAYİ A.Ş.,"['ULKER', 'ÜLKER']"
ÜNLÜ YATIRIM HOLDİNG A.Ş.,"['UNLU', 'ÜNLÜ YATIRIM HOLDİNG']"
VAKIF FİNANSAL KİRALAMA A.Ş.,"['VAKFN', 'VAKIF FİNANSAL KİRALAMA']"
VAKIF GAYRİMENKUL YATIRIM ORTAKLIĞI A.Ş.,"['VKGYO', 'VAKIF GAYRİMENKUL']"
VAKIF MENKUL KIYMET YATIRIM ORTAKLIĞI A.Ş.,"['VKFYO', 'VAKIF MENKUL KIYMET YATIRIM ORTAKLIĞI']"
VAKIF VARLIK KİRALAMA A.Ş.,"['VAKVK', 'VAKIF VARLIK KİRALAMA']"
VAKKO TEKSTİL VE HAZIR GİYİM SANAYİ İŞLETMELERİ A.Ş.,"['VAKKO', 'VAKKO TEKSTİL']"
VANET GIDA SANAYİ İÇ VE DIŞ TİCARET A.Ş.,"['VANGD', 'VANET GIDA']"
VBT YAZILIM A.Ş.,"['VBTYZ', 'VBT YAZILIM']"
VDF FİLO KİRALAMA A.Ş.,"['VDFLO', 'VDF FİLO KİRALAMA']"
VERA KONSEPT GAYRİMENKUL YATIRIM ORTAKLIĞI A.Ş.,"['VRGYO', 'VERA KONSEPT GAYRİMENKUL']"
VERUSA HOLDİNG A.Ş.,"['VERUS', 'VERUSA HOLDİNG']"
VERUSATURK GİRİŞİM SERMAYESİ YATIRIM ORTAKLIĞI A.Ş.,"['VERTU', 'VERUSATURK GİRİŞİM SERMAYESİ']"
VESTEL BEYAZ EŞYA SANAYİ VE TİCARET A.Ş.,"['VESBE', 'VESTEL BEYAZ EŞYA SANAYİ VE TİCARET']"
VESTEL ELEKTRONİK SANAYİ VE TİCARET A.Ş.,"['VESTL', 'VESTEL ELEKTRONİK SANAYİ VE TİCARET']"
VİKİNG KAĞIT VE SELÜLOZ A.Ş.,"['VKING', 'VİKİNG KAĞIT']"
VOLKSWAGEN DOĞUŞ FİNANSMAN A.Ş.,"['VDFAS', 'VOLKSWAGEN DOĞUŞ FİNANSMAN']"
YAPI KREDİ FAKTORİNG A.Ş.,"['YKFKT', 'YAPI KREDİ FAKTORİNG']"
YAPI KREDİ FİNANSAL KİRALAMA A.O.,"['YKFIN', 'YAPI KREDİ FİNANSAL KİRALAMA']"
YAPI KREDİ YATIRIM MENKUL DEĞERLER  A.Ş.,"['YK', 'YKYAT', 'YAPI KREDİ YATIRIM MENKUL DEĞERLER']"
YAPI VE KREDİ BANKASI A.Ş.,"['YK', 'YKBNK', 'YAPI KREDİ BANKASI', 'YAPI KREDİ']"
YAPRAK SÜT VE BESİ ÇİFTLİKLERİ SANAYİ VE TİCARET A.Ş.,"['YAPRK', 'YAPRAK SÜT VE BESİ ÇİFTLİKLERİ']"
YATAŞ YATAK VE YORGAN SANAYİ TİCARET A.Ş.,"['YATAS', 'YATAŞ YATAK']"
YATIRIM FİNANSMAN MENKUL DEĞERLER A.Ş.,"['YA', 'YFMEN', 'YATIRIM FİNANSMAN MENKUL DEĞERLER']"
YATIRIM VARLIK KİRALAMA A.Ş.,"['YATVK', 'YATIRIM VARLIK KİRALAMA']"
YAYLA AGRO GIDA SANAYİ VE TİCARET A.Ş.,"['YYLGD', 'YAYLA AGRO GIDA']"
YAYLA ENERJİ ÜRETİM TURİZM VE İNŞAAT TİCARET A.Ş.,"['YAYLA', 'YAYLA ENERJİ']"
YENİ GİMAT GAYRİMENKUL YATIRIM ORTAKLIĞI A.Ş.,"['YGGYO', 'YENİ GİMAT GAYRİMENKUL']"
YEO TEKNOLOJİ ENERJİ VE ENDÜSTRİ A.Ş.,"['YEOTK', 'YEO TEKNOLOJİ']"
YEŞİL GAYRİMENKUL YATIRIM ORTAKLIĞI A.Ş.,"['YGYO', 'YEŞİL GAYRİMENKUL']"
YEŞİL YAPI ENDÜSTRİSİ A.Ş.,"['YYAPI', 'YEŞİL YAPI']"
YEŞİL YATIRIM HOLDİNG A.Ş.,"['YESIL', 'YEŞİL YATIRIM HOLDİNG']"
YİBİTAŞ YOZGAT İŞÇİ BİRLİĞİ İNŞAAT MALZEMELERİ TİCARET VE SANAYİ A.Ş.,"['YBTAS', 'YİBİTAŞ YOZGAT İŞÇİ BİRLİĞİ']"
YİĞİT AKÜ MALZEMELERİ NAKLİYAT TURİZM İNŞAAT SANAYİ VE TİCARET A.Ş.,"['YIGIT', 'YİĞİT AKÜ']"
YONGA MOBİLYA SANAYİ VE TİCARET A.Ş.,"['YONGA', 'YONGA MOBİLYA']"
YÜKSELEN ÇELİK A.Ş.,"['YKSLN', 'YÜKSELEN ÇELİK']"
YÜNSA YÜNLÜ SANAYİ VE TİCARET A.Ş.,"['YUNSA', 'YÜNSA YÜN']"
ZEDUR ENERJİ ELEKTRİK ÜRETİM A.Ş.,"['ZEDUR', 'ZEDUR ENERJİ']"
ZİRAAT GAYRİMENKUL YATIRIM ORTAKLIĞI A.Ş.,"['ZRGYO', 'ZİRAAT GAYRİMENKUL']"
ZİRAAT KATILIM VARLIK KİRALAMA A.Ş.,"['ZKBVK', 'ZİRAAT KATILIM VARLIK KİRALAMA']"
ZKB VARLIK KİRALAMA A.Ş.,"['ZKBVR', 'ZKB VARLIK KİRALAMA']"
ZORLU ENERJİ ELEKTRİK ÜRETİM A.Ş.,"['ZOREN', 'ZORLU ENERJİ']"
ZORLU FAKTORİNG A.Ş.,"['ZORLF', 'ZORLU FAKTORİNG']"
